Metric,Value
Accuracy,0.9010494752623688
Precision,0.6962025316455697
Recall,0.5670103092783505
F1 Score,0.625
